dia;seguidores;alcance;views;interacoes
2026-07-01;;224;1775;58
2026-07-02;;619;3984;152
2026-07-03;;444;61766;6031
2026-07-04;;733;153703;14293
2026-07-05;;693;56547;4686
2026-07-06;;185;22319;2050
2026-07-07;;414;16352;1328
2026-07-08;;264;13996;998
2026-07-09;;233;9834;737
2026-07-10;;1127;11978;875
2026-07-11;;778;8279;498
2026-07-12;;599;4479;260
2026-07-13;;471;5372;423
2026-07-14;;509;3934;230
2026-07-15;;470;4389;335
2026-07-16;;667;5021;354
2026-07-17;;631;4522;276
2026-07-18;;334;2598;188
2026-07-19;;428;2594;172
2026-07-20;;463;2637;145
2026-07-21;;465;4445;295
2026-07-22;;296;3278;215
2026-07-23;;219;2915;144
2026-07-24;;584;3567;212
2026-07-25;;480;2743;132
2026-07-26;;213;1846;127
2026-07-27;;159;1439;87
2026-07-28;;180;1462;102
2026-07-29;;381;2259;108
2026-07-30;;428;2271;115
2026-07-31;;1046;3112;109
2026-08-01;;1148;2818;97
2026-08-02;;327;1423;52
2026-08-03;;227;1871;94
2026-08-04;;331;2172;93
2026-08-05;;555;2195;62
2026-08-06;;690;2855;122
2026-08-07;;412;1986;68
2026-08-08;;181;2191;127
2026-08-09;;78;887;70
2026-08-10;;140;1121;74
2026-08-11;;702;3760;185
2026-08-12;;760;2455;133
2026-08-13;;607;2742;183
2026-08-14;;539;1891;96
2026-08-15;;464;2072;95
2026-08-16;;348;1652;79
2026-08-17;;600;1648;64
2026-08-18;;539;1659;77
2026-08-19;;258;1718;96
2026-08-20;;356;2057;83
2026-08-21;;406;2109;110
2026-08-22;;276;1429;58
2026-08-23;;850;2055;86
2026-08-24;;581;1724;41
2026-08-25;;714;7030;332
2026-08-26;;312;2200;79
2026-08-27;;979;3067;99
2026-08-28;;563;1557;56
2026-08-29;;342;1228;60
2026-08-30;;194;825;44
2026-08-31;;179;757;28
2026-09-01;;284;1388;69
2026-09-02;;341;3014;97
2026-09-03;;173;1709;75
2026-09-04;;329;2270;83
2026-09-05;;361;1853;51
2026-09-06;;181;1791;58
2026-09-07;;226;1503;58
2026-09-08;;167;1168;36
2026-09-09;;440;1895;91
2026-09-10;;242;2315;85
2026-09-11;;169;1533;79
2026-09-12;;164;1516;51
2026-09-13;;189;988;50
2026-09-14;;238;1811;81
2026-09-15;;254;4218;132
2026-09-16;452;226;3478;99
2026-09-17;454;261;1805;60
2026-09-18;461;177;1600;65
2026-09-19;465;314;1981;69
2026-09-20;464;516;2060;51
2026-09-21;466;411;2261;50
2026-09-22;468;259;1383;55
2026-09-23;476;226;3378;93
2026-09-24;475;445;2001;37
2026-09-25;482;254;1660;27
2026-09-26;486;285;1103;25
2026-09-27;489;254;2217;70
2026-09-28;496;161;2116;64
2026-09-29;499;122;2089;83
2026-09-30;503;406;2418;80
2026-10-01;513;188;1667;42
2026-10-02;512;104;1830;53
2026-10-03;517;133;1821;54
2026-10-04;517;45;510;8
2026-10-05;520;157;1019;23
2026-10-06;525;202;1937;53
2026-10-07;523;183;1301;38
2026-10-08;523;277;1581;49
